{
  "accuracy": 0.9893617021276596,
  "precision": 1.0,
  "recall": 0.916030534351145,
  "f1": 0.9561752988047809,
  "confusion_matrix": [
    [
      903,
      0
    ],
    [
      11,
      120
    ]
  ],
  "n_test": 1034,
  "n_train": 4135
}